"Depth","Age","TRSH"
60,3136,10.377358490566
90,4704,8.82352941176471
135,7055,4.95049504950495
180,9407,5.55555555555556
