"Depth","Age","TRSH"
5,247,1.12994350282486
110,3988,0
300,7500,2.38095238095238
