"Depth","Age","TRSH"
4,38,6.01503759398496
20,189,2.26537216828479
35,330,1.89873417721519
50,472,18.0645161290323
85,802,1.9047619047619
98,924,6.19834710743802
135,1273,7.96812749003984
