"Depth","Age","TRSH"
0,-56,38.961038961039
5,847,58.4302325581395
10,1773,35.0724637681159
15,2707,37.6518218623482
35,6575,38.1756756756757
55,10572,46.1538461538462
