"Depth","Age","TRSH"
1,295,18.5365853658537
2,655,17.3333333333333
3,1260,21.2264150943396
