"Depth","Age","TRSH"
1,1835,78.1609195402299
2,2025,52.4691358024691
3,2375,67.3267326732673
4,3395,46.2962962962963
5,3610,80.4878048780488
6,4375,62
